{"lr": 0.0006609704135552845, "weight_decay": 3.227705285088108e-05, "dropout_rate": 0.13979156262153372}